Source title,Total
Proceedings of SPIE - The International Society for Optical Engineering,90
Physical Review A,55
Optics Express,53
IEEE Access,40
Quantum Information Processing,35
Nature Communications,28
Scientific Reports,25
Lecture Notes in Computer Science (including subseries Lecture Notes in Artificial Intelligence and Lecture Notes in Bioinformatics),24
Physical Review Applied,24
npj Quantum Information,21
Optics InfoBase Conference Papers,20
Physical Review Letters,20
New Journal of Physics,19
Optica,18
Journal of Chemical Physics,17
Nature,17
Physical Review B,17
"Proceedings of the International Astronautical Congress, IAC",16
Applied Physics Letters,15
IEEE Journal of Selected Topics in Quantum Electronics,15
Physical Review Research,15
Quantum Science and Technology,15
Journal of Lightwave Technology,14
Journal of Physics: Conference Series,14
International Conference on Transparent Optical Networks,13
International Journal of Theoretical Physics,13
Optics Letters,13
PRX Quantum,13
ACM International Conference Proceeding Series,12
Light: Science and Applications,12
EPJ Quantum Technology,11
Journal of Applied Physics,10
Journal of Chemical Theory and Computation,10
Laser Physics Letters,10
Nature Photonics,10
Physical Chemistry Chemical Physics,10
Physical Review X,10
ACS Nano,9
ACS Photonics,9
Advanced Materials,9
Journal of Physical Chemistry Letters,9
Sensors,9
Advanced Quantum Technologies,8
China Communications,8
Energies,8
Entropy,8
EPL,8
IEEE Internet of Things Journal,8
Lecture Notes in Electrical Engineering,8
Nano Letters,8
Nanoscale,8
Optik,8
Photonics Research,8
ACS Applied Materials and Interfaces,7
Advanced Functional Materials,7
Advanced Optical Materials,7
Communications in Computer and Information Science,7
Frontiers in Physics,7
Journal of the Optical Society of America B: Optical Physics,7
Neurocomputing,7
Quantum,7
Reviews of Modern Physics,7
Wireless Personal Communications,7
AIP Conference Proceedings,6
CEUR Workshop Proceedings,6
Chinese Physics B,6
Communications Physics,6
IEEE Photonics Technology Letters,6
Journal of Materials Chemistry C,6
Laser and Photonics Reviews,6
Nanophotonics,6
Nature Physics,6
Science Advances,6
Accounts of Chemical Research,5
Annals of Physics,5
APL Photonics,5
Computational Materials Science,5
IEEE Communications Magazine,5
Journal of Physical Chemistry B,5
MRS Bulletin,5
Optics Communications,5
Physical Review D,5
Proceedings of the International Joint Conference on Neural Networks,5
Studies in Big Data,5
"2019 Conference on Lasers and Electro-Optics Europe and European Quantum Electronics Conference, CLEO/Europe-EQEC 2019",4
"2022 IEEE Photonics Society Summer Topicals Meeting Series, SUM 2022 - Proceedings",4
Applied Optics,4
Chemical Engineering Journal,4
Chemical Science,4
Chinese Optics Letters,4
Electrochimica Acta,4
Future Internet,4
IEEE Communications Letters,4
IEEE International Conference on Communications,4
IEEE Network,4
IEEE Photonics Journal,4
IET Quantum Communication,4
Japanese Journal of Applied Physics,4
Journal of Materials Chemistry A,4
Journal of Optics (United Kingdom),4
Journal of Physical Chemistry C,4
Journal of the American Chemical Society,4
Knowledge-Based Systems,4
Lecture Notes in Networks and Systems,4
Macromolecules,4
Nanomaterials,4
Photonics,4
"Physical Review A - Atomic, Molecular, and Optical Physics",4
Proceedings of the IEEE,4
Quantum Machine Intelligence,4
RSC Advances,4
Science Bulletin,4
ACS APPLIED MATERIALS & INTERFACES,3
ACS Catalysis,3
AIP Advances,3
Applied Sciences (Switzerland),3
APPLIED SCIENCES-BASEL,3
Communications in Theoretical Physics,3
Computer Communications,3
Computers and Electrical Engineering,3
"Computers, Materials and Continua",3
Cryptography,3
Engineering Applications of Artificial Intelligence,3
Frontiers in Astronomy and Space Sciences,3
IEEE Communications Surveys and Tutorials,3
IEEE Open Journal of the Communications Society,3
IEEE Transactions on Applied Superconductivity,3
IEEE Transactions on Circuits and Systems I: Regular Papers,3
IEEE Transactions on Quantum Engineering,3
"IEEE Wireless Communications and Networking Conference, WCNC",3
IET Conference Publications,3
International Journal of Electronics and Telecommunications,3
International Journal of Molecular Sciences,3
International Journal of Quantum Chemistry,3
Journal of Alloys and Compounds,3
Journal of Chemical Information and Modeling,3
Journal of Information Processing Systems,3
Journal of Molecular Liquids,3
Journal of Physical Chemistry A,3
"Journal of Physics B: Atomic, Molecular and Optical Physics",3
Langmuir,3
MATERIALS TODAY-PROCEEDINGS,3
Mathematics,3
Microprocessors and Microsystems,3
Modern Physics Letters B,3
Nano Communication Networks,3
NeuroQuantology,3
Optical Engineering,3
Physica Status Solidi (A) Applications and Materials Science,3
PLoS ONE,3
Proceedings of the National Academy of Sciences of the United States of America,3
Science,3
Semiconductor Science and Technology,3
Semiconductors and Semimetals,3
Symmetry,3
Water (Switzerland),3
"2015 IEEE International Conference on Space Optical Systems and Applications, ICSOS 2015",2
2017 IEEE INTERNATIONAL CONFERENCE ON SPACE OPTICAL SYSTEMS AND APPLICATIONS (ICSOS),2
"2017 IEEE International Conference on Space Optical Systems and Applications, ICSOS 2017",2
2018 20TH ANNIVERSARY INTERNATIONAL CONFERENCE ON TRANSPARENT OPTICAL NETWORKS (ICTON),2
"2021 Conference on Lasers and Electro-Optics Europe and European Quantum Electronics Conference, CLEO/Europe-EQEC 2021",2
"2022 IEEE International Conference on Space Optical Systems and Applications, ICSOS 2022",2
2022 OPTICAL FIBER COMMUNICATIONS CONFERENCE AND EXHIBITION (OFC),2
Accounts of Materials Research,2
ACM Transactions on Embedded Computing Systems,2
ACTA PHYSICA SINICA,2
Advanced Electronic Materials,2
Analyst,2
Annalen der Physik,2
Applied Soft Computing,2
Applied Surface Science,2
Brain Sciences,2
CERAMICS INTERNATIONAL,2
Chaos,2
Chemical Engineering Transactions,2
"Chinese Control Conference, CCC",2
Chinese Physics Letters,2
Communications of the ACM,2
Computational Intelligence and Neuroscience,2
CrystEngComm,2
EUROPEAN PHYSICAL JOURNAL A,2
European Physical Journal B,2
European Physical Journal C,2
European Physical Journal D,2
European Physical Journal Plus,2
FRONTIERS IN BIOSCIENCE-LANDMARK,2
Frontiers in Modern Optics,2
Frontiers of Physics,2
Green Chemistry,2
Handbook of Graphene,2
"ICASSP, IEEE International Conference on Acoustics, Speech and Signal Processing - Proceedings",2
"IEEE 15th Workshop on Low Temperature Electronics, WOLTE 2022 - Conference Proceedings",2
IEEE Journal on Emerging and Selected Topics in Circuits and Systems,2
IEEE Journal on Selected Areas in Communications,2
IEEE Transactions on Antennas and Propagation,2
IEEE Transactions on Information Theory,2
IEEE Transactions on Intelligent Transportation Systems,2
IEEE Transactions on Microwave Theory and Techniques,2
IEEE Transactions on Nanotechnology,2
IEEE Transactions on Network and Service Management,2
IEEE Transactions on Neural Networks and Learning Systems,2
IEEE Transactions on Parallel and Distributed Systems,2
IEEE Transactions on Very Large Scale Integration (VLSI) Systems,2
IEEE Wireless Communications Letters,2
"IEEE/ACM International Conference on Computer-Aided Design, Digest of Technical Papers, ICCAD",2
IEICE Transactions on Electronics,2
Information Systems Frontiers,2
Inorganic Chemistry,2
"International Conference for High Performance Computing, Networking, Storage and Analysis, SC",2
International Conference on Information Networking,2
International Congress on Ultra Modern Telecommunications and Control Systems and Workshops,2
International Journal of Bifurcation and Chaos,2
International Journal of Embedded Systems,2
International Journal of Grid and Utility Computing,2
"International Journal of Innovative Computing, Information and Control",2
International Journal of Quantum Information,2
IOP Conference Series: Earth and Environmental Science,2
IOP Conference Series: Materials Science and Engineering,2
Journal of Computational Chemistry,2
Journal of Computational Electronics,2
Journal of Engineering Science and Technology,2
Journal of Information Security and Applications,2
Journal of Intelligent and Fuzzy Systems,2
Journal of Modern Optics,2
Journal of Non-Crystalline Solids,2
Journal of Supercomputing,2
JPhys Photonics,2
"Lecture Notes in Informatics (LNI), Proceedings - Series of the Gesellschaft fur Informatik (GI)",2
"Lecture Notes of the Institute for Computer Sciences, Social-Informatics and Telecommunications Engineering, LNICST",2
LIGHT-SCIENCE & APPLICATIONS,2
Materials,2
Materials Today: Proceedings,2
Mathematical Problems in Engineering,2
Microsystem Technologies,2
Molecules,2
Multimedia Tools and Applications,2
Nano Energy,2
Nano Research,2
Nanoscale Research Letters,2
Neural Computing and Applications,2
Neural Networks,2
NEW SPACE,2
Nonlinear Dynamics,2
Nonlinear Optics Quantum Optics,2
NONLINEAR OPTICS QUANTUM OPTICS-CONCEPTS IN MODERN OPTICS,2
OCEANS 2017 - Aberdeen,2
Optical and Quantum Electronics,2
Opto-Electronics Review,2
OSA Continuum,2
Physical Review E,2
Physics in Medicine and Biology,2
"Proceedings - 2020 International Conference on Computer Engineering and Application, ICCEA 2020",2
Proceedings - Electronic Components and Technology Conference,2
Proceedings - IEEE INFOCOM,2
Proceedings - IEEE International Symposium on Circuits and Systems,2
"Proceedings of QCS 2021: 2nd International Workshop on Quantum Computing Software, Held in conjunction with SC 2021: The International Conference for High Performance Computing, Networking, Storage and Analysis",2
Proceedings of Science,2
"Proceedings of the 2016 IEEE 1st International Conference on Data Stream Mining and Processing, DSMP 2016",2
Proceedings of the Annual ACM Symposium on Theory of Computing,2
Progress in Electromagnetics Research Symposium,2
Pure and Applied Chemistry,2
Reports on Progress in Physics,2
Results in Physics,2
Rivista del Nuovo Cimento,2
"Science China: Physics, Mechanics and Astronomy",2
Scientometrics,2
Security and Communication Networks,2
Security Dialogue,2
"Sensors (Basel, Switzerland)",2
Soft Computing,2
Software - Practice and Experience,2
Structural Safety,2
"Studies in Systems, Decision and Control",2
Supercomputing Frontiers and Innovations,2
SUSTAINABLE CITIES AND SOCIETY,2
Technoetic Arts,2
Wireless Communications and Mobile Computing,2
"11TH CONFERENCE ON INTEGRATED OPTICS: SENSORS, SENSING STRUCTURES, AND METHODS",1
"12TH INTERNATIONAL TECHNOLOGY, EDUCATION AND DEVELOPMENT CONFERENCE (INTED)",1
"14th European Conference on Antennas and Propagation, EuCAP 2020",1
14TH INTERNATIONAL CONFERENCE ON COMPUTER SCIENCE AND EDUCATION (ICCSE 2019),1
"14th International Conference on Computer Science and Education, ICCSE 2019",1
17TH ACM INTERNATIONAL CONFERENCE ON COMPUTING FRONTIERS 2020 (CF 2020),1
"19th Coherent Laser Radar Conference, CLRC 2018",1
"2015 11th Conference on Lasers and Electro-Optics Pacific Rim, CLEO-PR 2015",1
2015 17TH INTERNATIONAL CONFERENCE ON TRANSPARENT OPTICAL NETWORKS (ICTON),1
2015 9TH MALAYSIAN SOFTWARE ENGINEERING CONFERENCE (MYSEC2015),1
"2015 9th Malaysian Software Engineering Conference, MySEC 2015",1
2015 CHINESE AUTOMATION CONGRESS (CAC),1
2015 CONFERENCE ON LASERS AND ELECTRO-OPTICS (CLEO),1
"2015 DESIGN, AUTOMATION & TEST IN EUROPE CONFERENCE & EXHIBITION (DATE)",1
"2015 IEEE INTERNATIONAL CONFERENCE ON SYSTEMS, MAN, AND CYBERNETICS (SMC 2015): BIG DATA ANALYTICS FOR HUMAN-CENTRIC SYSTEMS",1
2015 INTERNATIONAL CONFERENCE ON CLOUD COMPUTING (ICCC),1
"2015 International Conference on Cloud Computing, ICCC 2015",1
2015 INTERNATIONAL CONFERENCE ON PHOTONICS IN SWITCHING (PS),1
"2015 International Conference on Photonics in Switching, PS 2015",1
2015 INTERNATIONAL JOINT CONFERENCE ON NEURAL NETWORKS (IJCNN),1
2016 4TH INTERNATIONAL CONFERENCE ON INFORMATION AND COMMUNICATION TECHNOLOGY (ICOICT),1
2016 ACM International Conference on Computing Frontiers - Proceedings,1
2016 AUSTRALIAN CONTROL CONFERENCE (AUCC),1
"2016 Australian Control Conference, AuCC 2016",1
2016 IEEE GLOBECOM WORKSHOPS (GC WKSHPS),1
2016 IEEE INTERNATIONAL CONFERENCE ON COMPUTER AND INFORMATION TECHNOLOGY (CIT),1
"2016 IEEE INTERNATIONAL CONFERENCE ON SYSTEMS, MAN, AND CYBERNETICS (SMC)",1
"2016 IEEE Radar Conference, RadarConf 2016",1
2016 INTERNATIONAL CONFERENCE ON HIGH PERFORMANCE COMPUTING & SIMULATION (HPCS 2016),1
"2016 International Conference on High Performance Computing and Simulation, HPCS 2016",1
2016 INTERNATIONAL CONFERENCE ON NETWORKING SYSTEMS AND SECURITY (NSYSS),1
2016 URSI INTERNATIONAL SYMPOSIUM ON ELECTROMAGNETIC THEORY (EMTS),1
"2016 URSI International Symposium on Electromagnetic Theory, EMTS 2016",1
2017 12TH IEEE INTERNATIONAL SYMPOSIUM ON INDUSTRIAL EMBEDDED SYSTEMS (SIES),1
"2017 12th IEEE International Symposium on Industrial Embedded Systems, SIES 2017 - Proceedings",1
2017 13TH INTERNATIONAL CONFERENCE AND EXPO ON EMERGING TECHNOLOGIES FOR A SMARTER WORLD (CEWIT),1
"2017 13th International Conference and Expo on Emerging Technologies for a Smarter World, CEWIT 2017",1
"2017 1ST IEEE INTERNATIONAL CONFERENCE ON DATA MANAGEMENT, ANALYTICS AND INNOVATION (ICDMAI)",1
2017 22ND MICROOPTICS CONFERENCE (MOC),1
"2017 4th International Conference on Opto-Electronics and Applied Optics, Optronix 2017",1
"2017 8TH INTERNATIONAL CONFERENCE ON COMPUTING, COMMUNICATION AND NETWORKING TECHNOLOGIES (ICCCNT)",1
2017 CONFERENCE ON LASERS AND ELECTRO-OPTICS (CLEO),1
"2017 Conference on Lasers and Electro-Optics, CLEO 2017 - Proceedings",1
"2017 IEEE 17th International Conference on Nanotechnology, NANO 2017",1
2017 IEEE CONFERENCE ON ENERGY INTERNET AND ENERGY SYSTEM INTEGRATION (EI2),1
"2017 IEEE Conference on Energy Internet and Energy System Integration, EI2 2017 - Proceedings",1
2017 IEEE INFORMATION THEORY WORKSHOP (ITW),1
2017 IEEE INTERNATIONAL CONFERENCE ON COMMUNICATIONS (ICC),1
"2017 IEEE International Conference on Cyber Conflict U.S., CyCon U.S. 2017 - Proceedings",1
2017 IEEE INTERNATIONAL CONFERENCE ON DATA SCIENCE AND ADVANCED ANALYTICS (DSAA),1
"2017 IEEE INTERNATIONAL CONFERENCE ON INTERNET OF THINGS (ITHINGS) AND IEEE GREEN COMPUTING AND COMMUNICATIONS (GREENCOM) AND IEEE CYBER, PHYSICAL AND SOCIAL COMPUTING (CPSCOM) AND IEEE SMART DATA (SMARTDATA)",1
2017 IEEE INTERNATIONAL CONFERENCE ON IOT AND ITS APPLICATIONS (IEEE ICIOT),1
2017 IEEE INTERNATIONAL CONFERENCE ON REBOOTING COMPUTING (ICRC),1
"2017 IEEE International Conference on Rebooting Computing, ICRC 2017 - Proceedings",1
2017 IEEE INTERNATIONAL CONFERENCE ON RFID (RFID),1
"2017 IEEE International Conference on RFID, RFID 2017",1
"2017 IEEE International Conference on Smart Grid and Smart Cities, ICSGSC 2017",1
"2017 IEEE LONG ISLAND SYSTEMS, APPLICATIONS AND TECHNOLOGY CONFERENCE (LISAT)",1
"2017 IEEE Long Island Systems, Applications and Technology Conference, LISAT 2017",1
"2017 INTERNATIONAL CONFERENCE ON COMPUTING, NETWORKING AND COMMUNICATIONS (ICNC)",1
"2017 International Conference on Computing, Networking and Communications, ICNC 2017",1
"2017 International Conference on Data Management, Analytics and Innovation, ICDMAI 2017",1
"2017 INTERNATIONAL CONFERENCE ON E-SOCIETY, E-EDUCATION AND E-TECHNOLOGY (ICSET 2017)",1
"2017 International Conference on Hardware/Software Codesign and System Synthesis, CODES+ISSS 2017",1
2017 INTERNATIONAL JOINT CONFERENCE ON NEURAL NETWORKS (IJCNN),1
2017 INTERNATIONAL TOPICAL MEETING ON MICROWAVE PHOTONICS (MWP),1
2018 10TH INTERNATIONAL CONFERENCE ON ADVANCED INFOCOMM TECHNOLOGY (ICAIT),1
"2018 10th International Conference on Advanced Infocomm Technology, ICAIT 2018",1
2018 10TH INTERNATIONAL CONFERENCE ON CYBER CONFLICT (CYCON X): MAXIMISING EFFECTS,1
2018 2ND IEEE CONFERENCE ON ENERGY INTERNET AND ENERGY SYSTEM INTEGRATION (EI2),1
2018 CONFERENCE ON LASERS AND ELECTRO-OPTICS (CLEO),1
"2018 Conference on Lasers and Electro-Optics Pacific Rim, CLEO-PR 2018",1
"2018 Conference on Lasers and Electro-Optics, CLEO 2018 - Proceedings",1
"2018 FIFTH INTERNATIONAL CONFERENCE ON PARALLEL, DISTRIBUTED AND GRID COMPUTING (IEEE PDGC)",1
2018 IEEE 22ND INTERNATIONAL CONFERENCE ON INTELLIGENT ENGINEERING SYSTEMS (INES 2018),1
2018 IEEE GLOBAL COMMUNICATIONS CONFERENCE (GLOBECOM),1
"2018 IEEE Global Communications Conference, GLOBECOM 2018 - Proceedings",1
2018 IEEE GLOBECOM WORKSHOPS (GC WKSHPS),1
2018 IEEE INTERNATIONAL CONFERENCE ON BIG DATA (BIG DATA),1
"2018 IEEE International Conference on Electronics and Communication Engineering, ICECE 2018",1
2018 IEEE PHOTONICS CONFERENCE (IPC),1
"2018 IEEE SMARTWORLD, UBIQUITOUS INTELLIGENCE & COMPUTING, ADVANCED & TRUSTED COMPUTING, SCALABLE COMPUTING & COMMUNICATIONS, CLOUD & BIG DATA COMPUTING, INTERNET OF PEOPLE AND SMART CITY INNOVATION (SMARTWORLD/SCALCOM/UIC/ATC/CBDCOM/IOP/SCI)",1
"2018 International Conference on Computing, Mathematics and Engineering Technologies: Invent, Innovate and Integrate for Socioeconomic Development, iCoMET 2018 - Proceedings",1
2018 IST-AFRICA WEEK CONFERENCE (IST-AFRICA),1
2018 PROGRESS IN ELECTROMAGNETICS RESEARCH SYMPOSIUM (PIERS-TOYAMA),1
"2019 14TH INTERNATIONAL CONFERENCE ON ADVANCED TECHNOLOGIES, SYSTEMS AND SERVICES IN TELECOMMUNICATIONS (TELSIKS 2019)",1
2019 15TH INTERNATIONAL CONFERENCE ON TELECOMMUNICATIONS (CONTEL),1
"2019 18th International Conference on Optical Communications and Networks, ICOCN 2019",1
"2019 26TH IEEE INTERNATIONAL CONFERENCE ON ELECTRONICS, CIRCUITS AND SYSTEMS (ICECS)",1
"2019 26th IEEE International Conference on Electronics, Circuits and Systems, ICECS 2019",1
"2019 2nd International Conference on Information Systems and Computer Aided Education, ICISCAE 2019",1
2019 4TH INTERNATIONAL CONFERENCE ON INTELLIGENT GREEN BUILDING AND SMART GRID (IGBSG 2019),1
"2019 4th International Conference on Intelligent Green Building and Smart Grid, IGBSG 2019",1
2019 9TH INTERNATIONAL CONFERENCE ON INFORMATION SCIENCE AND TECHNOLOGY (ICIST2019),1
"2019 Compound Semiconductor Week, CSW 2019 - Proceedings",1
2019 CONFERENCE ON LASERS AND ELECTRO-OPTICS (CLEO),1
"2019 Conference on Lasers and Electro-Optics, CLEO 2019 - Proceedings",1
"2019 IEEE Asia-Pacific Conference on Computer Science and Data Engineering, CSDE 2019",1
2019 IEEE INTERNATIONAL CONFERENCE ON COMMUNICATIONS WORKSHOPS (ICC WORKSHOPS),1
"2019 IEEE International Conference on Communications Workshops, ICC Workshops 2019 - Proceedings",1
2019 IEEE INTERNATIONAL CONFERENCE ON SPACE OPTICAL SYSTEMS AND APPLICATIONS (IEEE ICSOS),1
"2019 IEEE International Conference on Space Optical Systems and Applications, ICSOS 2019",1
"2019 IEEE International Symposium on Innovation and Entrepreneurship, TEMS-ISIE 2019",1
2019 IEEE SYMPOSIUM SERIES ON COMPUTATIONAL INTELLIGENCE (IEEE SSCI 2019),1
"2019 IEEE Symposium Series on Computational Intelligence, SSCI 2019",1
2019 IEEE/ACM INTERNATIONAL SYMPOSIUM ON LOW POWER ELECTRONICS AND DESIGN (ISLPED),1
2019 INTERNATIONAL JOINT CONFERENCE ON NEURAL NETWORKS (IJCNN),1
"2019 Optical Fiber Communications Conference and Exhibition, OFC 2019 - Proceedings",1
2020 14TH EUROPEAN CONFERENCE ON ANTENNAS AND PROPAGATION (EUCAP 2020),1
2020 16TH INTERNATIONAL CONFERENCE ON THE DESIGN OF RELIABLE COMMUNICATION NETWORKS DRCN 2020,1
"2020 16th International Conference on the Design of Reliable Communication Networks, DRCN 2020",1
2020 19TH INTERNATIONAL SYMPOSIUM ON PARALLEL AND DISTRIBUTED COMPUTING (ISPDC 2020),1
2020 22ND INTERNATIONAL CONFERENCE ON TRANSPARENT OPTICAL NETWORKS (ICTON 2020),1
2020 25TH IEEE INTERNATIONAL CONFERENCE ON EMERGING TECHNOLOGIES AND FACTORY AUTOMATION (ETFA),1
"2020 2nd International Conference on Computer and Information Sciences, ICCIS 2020",1
2020 34TH INTERNATIONAL CONFERENCE ON INFORMATION NETWORKING (ICOIN 2020),1
"2020 35th Conference on Design of Circuits and Integrated Systems, DCIS 2020",1
"2020 5th International Conference on Control and Robotics Engineering, ICCRE 2020",1
2020 CONFERENCE ON PRECISION ELECTROMAGNETIC MEASUREMENTS (CPEM),1
2020 Global Oceans 2020: Singapore - U.S. Gulf Coast,1
"2020 IEEE 10th International Conference on Intelligent Systems, IS 2020 - Proceedings",1
"2020 IEEE 11TH INTERNATIONAL CONFERENCE ON DEPENDABLE SYSTEMS, SERVICES AND TECHNOLOGIES (DESSERT): IOT, BIG DATA AND AI FOR A SAFE & SECURE WORLD AND INDUSTRY 4.0",1
"2020 IEEE 3rd International Conference on Electronics Technology, ICET 2020",1
2020 IEEE INTERNATIONAL CONFERENCE ON CONSUMER ELECTRONICS (ICCE),1
"2020 IEEE INTERNATIONAL IOT, ELECTRONICS AND MECHATRONICS CONFERENCE (IEMTRONICS 2020)",1
"2020 IEEE International Power and Renewable Energy Conference, IPRECON 2020",1
2020 IEEE INTERNATIONAL SYMPOSIUM ON CIRCUITS AND SYSTEMS (ISCAS),1
"2020 IEEE Research and Applications of Photonics in Defense Conference, RAPID 2020 - Proceedings",1
2020 INTERNATIONAL CONFERENCE ON REBOOTING COMPUTING (ICRC 2020),1
"2020 International Symposium on VLSI Technology, Systems and Applications, VLSI-TSA 2020",1
"2020 Sensor Signal Processing for Defence Conference, SSPD 2020",1
2020 Systems of Signals Generating and Processing in the Field of on Board Communications,1
2020 THE 5TH INTERNATIONAL CONFERENCE ON CONTROL AND ROBOTICS ENGINEERING (ICCRE 2020),1
2020 XXXV CONFERENCE ON DESIGN OF CIRCUITS AND INTEGRATED SYSTEMS (DCIS),1
"2021 11th Smart Grid Conference, SGC 2021",1
"2021 2nd Global Conference for Advancement in Technology, GCAT 2021",1
"2021 4th International Conference on Pattern Recognition and Artificial Intelligence, PRAI 2021",1
"2021 5th CAA International Conference on Vehicular Control and Intelligence, CVCI 2021",1
"2021 6th International Conference for Convergence in Technology, I2CT 2021",1
"2021 6th International Conference on Recent Trends on Electronics, Information, Communication and Technology, RTEICT 2021",1
"2021 9th International Symposium on Next Generation Electronics, ISNE 2021",1
"2021 Conference on Lasers and Electro-Optics, CLEO 2021 - Proceedings",1
"2021 IEEE 11th Annual Computing and Communication Workshop and Conference, CCWC 2021",1
2021 IEEE 14TH WORKSHOP ON LOW TEMPERATURE ELECTRONICS (WOLTE),1
"2021 IEEE 6th International Conference on Computer and Communication Systems, ICCCS 2021",1
"2021 IEEE Global Communications Conference, GLOBECOM 2021 - Proceedings",1
"2021 IEEE Globecom Workshops, GC Wkshps 2021 - Proceedings",1
"2021 IEEE International Conference on Consumer Electronics-Asia, ICCE-Asia 2021",1
"2021 IEEE MetroCon, MetroCon 2021",1
"2021 IEEE Photonics Conference, IPC 2021 - Proceedings",1
2021 IEEE SYMPOSIUM SERIES ON COMPUTATIONAL INTELLIGENCE (IEEE SSCI 2021),1
"2021 IEEE Symposium Series on Computational Intelligence, SSCI 2021 - Proceedings",1
2021 IEEE/ACM INTERNATIONAL CONFERENCE ON COMPUTER AIDED DESIGN (ICCAD),1
"2021 International Conference on Military Communication and Information Systems, ICMCIS 2021",1
"2021 International Wireless Communications and Mobile Computing, IWCMC 2021",1
2021 PHOTONICS & ELECTROMAGNETICS RESEARCH SYMPOSIUM (PIERS 2021),1
"2021 Smart Systems Integration, SSI 2021",1
"2022 23rd International Carpathian Control Conference, ICCC 2022",1
"2022 3rd International Conference on Information Science, Parallel and Distributed Systems, ISPDS 2022",1
"2022 4th International Conference on Communications, Information System and Computer Engineering, CISCE 2022",1
"2022 8th International Conference on Control, Instrumentation and Automation, ICCIA 2022",1
"2022 Conference on Lasers and Electro-Optics, CLEO 2022 - Proceedings",1
2022 IEEE 19TH INTERNATIONAL CONFERENCE ON SOFTWARE ARCHITECTURE COMPANION (ICSA-C 2022),1
"2022 IEEE 19th International Conference on Software Architecture Companion, ICSA-C 2022",1
"2022 IEEE 7th International conference for Convergence in Technology, I2CT 2022",1
"2022 IEEE International Conference on Artificial Intelligence and Computer Applications, ICAICA 2022",1
"2022 IEEE International Interconnect Technology Conference, IITC 2022",1
"2022 International Conference on IoT and Blockchain Technology, ICIBT 2022",1
"2022 International Conference on Optical Network Design and Modeling, ONDM 2022",1
2022 INTERNATIONAL CONFERENCE ON OPTICAL NETWORK DESIGN AND MODELLING (ONDM),1
"2022 International Wireless Communications and Mobile Computing, IWCMC 2022",1
"2022 Workshop on Recent Advances in Photonics, WRAP 2022",1
"22nd Microoptics Conference, MOC 2017",1
28TH ANNUAL NETWORK AND DISTRIBUTED SYSTEM SECURITY SYMPOSIUM (NDSS 2021),1
"2nd IEEE Conference on Energy Internet and Energy System Integration, EI2 2018 - Proceedings",1
"30th Annual Conference of the IEEE Photonics Society, IPC 2017",1
"31st Annual Conference of the IEEE Photonics Society, IPC 2018",1
"33rd AAAI Conference on Artificial Intelligence, AAAI 2019, 31st Innovative Applications of Artificial Intelligence Conference, IAAI 2019 and the 9th AAAI Symposium on Educational Advances in Artificial Intelligence, EAAI 2019",1
33RD INTERNATIONAL CONFERENCE ON INFORMATION NETWORKING (ICOIN 2019),1
34TH IEEE INTERNATIONAL SYMPOSIUM ON DEFECT AND FAULT TOLERANCE IN VLSI AND NANOTECHNOLOGY SYSTEMS (DFT 2021),1
"34th International Conference on Machine Learning, ICML 2017",1
"38th Asian Conference on Remote Sensing - Space Applications: Touching Human Lives, ACRS 2017",1
"3rd International Conference on Innovative Computing, ICIC 2019",1
43RD EUROPEAN CONFERENCE ON OPTICAL COMMUNICATION (ECOC 2017),1
4OR,1
"8th International Conference on Computing, Communications and Networking Technologies, ICCCNT 2017",1
"9th International Conference on Information Science and Technology, ICIST 2019",1
ACM Communications in Computer Algebra,1
ACM Journal on Emerging Technologies in Computing Systems,1
ACM Transactions on Computational Logic,1
ACM Transactions on Parallel Computing,1
ACS APPLIED NANO MATERIALS,1
ACS Applied Polymer Materials,1
ACS ENERGY LETTERS,1
ACS MACRO LETTERS,1
ACS Omega,1
ACTA MATERIALIA,1
ACTIVE PHOTONIC PLATFORMS 2022,1
ADVANCED ENERGY MATERIALS,1
Advanced Healthcare Materials,1
ADVANCED INTELLIGENT SYSTEMS,1
Advanced Materials - TechConnect Briefs 2016,1
ADVANCED OPTICAL TECHNOLOGIES,1
ADVANCED PHOTONICS,1
Advanced Science,1
ADVANCES IN COGNITIVE NEURODYNAMICS (V),1
ADVANCES IN COMMUNICATIONS SATELLITE SYSTEMS 2,1
Advances in Intelligent Systems and Computing,1
Advances in Mathematical Chemistry and Applications: Volume 1,1
Advances in Mechanical Engineering,1
Advances in Neural Information Processing Systems,1
Advances in Parallel Computing,1
"Advances in Photonics Engineering, Nanophotonics and Biophotonics",1
Advances in Quantum Chemistry,1
"Advances in Science, Technology and Innovation",1
Agricultural and Forest Meteorology,1
AIAA Scitech 2020 Forum,1
AIChE Journal,1
"Algebraic Design Theory and Hadamard Matrices: ADTHM, Lethbridge, Alberta, Canada, July 2014",1
Algorithmica,1
"AMSec 2021 - Proceedings of the 2021 Workshop on Additive Manufacturing (3D Printing) Security, co-located with CCS 2021",1
Analog Circuits and Signal Processing,1
ANALYTICA CHIMICA ACTA,1
ANALYTICAL CHEMISTRY,1
ANGEWANDTE CHEMIE-INTERNATIONAL EDITION,1
Annals of Emerging Technologies in Computing,1
Annals of Operations Research,1
ANNUAL REVIEW OF ANALYTICAL CHEMISTRY,1
Annual Review of Physical Chemistry,1
APL Materials,1
Applied Biochemistry and Biotechnology,1
Applied Physics A: Materials Science and Processing,1
Applied Physics B: Lasers and Optics,1
APPLIED PHYSICS B-LASERS AND OPTICS,1
Applied Physics Express,1
Applied Physics Reviews,1
Applied System Innovation,1
APPLIED THERMAL ENGINEERING,1
Archives of Computational Methods in Engineering,1
"ARES 2021: 16TH INTERNATIONAL CONFERENCE ON AVAILABILITY, RELIABILITY AND SECURITY",1
"ASEE Annual Conference and Exposition, Conference Proceedings",1
ASIA CCS 2022 - Proceedings of the 2022 ACM Asia Conference on Computer and Communications Security,1
ASTRONOMY & ASTROPHYSICS,1
Astronomy and Astrophysics,1
"Astrophysical Journal, Supplement Series",1
Atmospheric Chemistry and Physics,1
Australian Journal of Chemistry,1
Australian Journal of International Affairs,1
AVS Quantum Science,1
Beilstein Journal of Nanotechnology,1
Biocell,1
Biochemistry,1
Biomacromolecules,1
Biomaterials,1
Biomedical Engineering and its Applications in Healthcare,1
"Biomedical Engineering: Concepts, Methodologies, Tools, and Applications",1
Biosensors Based on Nanomaterials and Nanodevices,1
BioSystems,1
Biotechnology and Bioengineering,1
"Blockchains for Network Security: Principles, technologies and applications",1
Building Cyber Resilience against Hybrid Threats,1
CAD Computer Aided Design,1
Carbon,1
Carbon Nanomaterials Based on Graphene Nanosheets,1
Catalysis Reviews - Science and Engineering,1
CCF Transactions on High Performance Computing,1
Cells,1
Challenges and Advances in Computational Chemistry and Physics,1
Chem,1
CHEMICAL COMMUNICATIONS,1
Chemical Physics,1
Chemistry of Materials,1
CHEMNANOMAT,1
CHEMSUSCHEM,1
Chinese Journal of Chemical Physics,1
CIRCUITS SYSTEMS AND SIGNAL PROCESSING,1
"Circuits, Systems, and Signal Processing",1
"CLEO: Applications and Technology, CLEO-AT 2015",1
"CLEO: QELS - Fundamental Science, CLEO_QELS 2015",1
"CLOUD COMPUTING AND SECURITY, PT I",1
Cluster Computing,1
CMC-COMPUTERS MATERIALS & CONTINUA,1
COATINGS,1
Cognitive Engineering for Next Generation Computing: A Practical Analytical Approach,1
COMMUNICATIONS IN MATHEMATICAL PHYSICS,1
COMPLEX & INTELLIGENT SYSTEMS,1
Complexity,1
COMPONENTS AND PACKAGING FOR LASER SYSTEMS V,1
"COMPUTER NETWORKS, CN 2019",1
Computer Physics Communications,1
Computer Standards and Interfaces,1
COMPUTER SYSTEMS AND TECHNOLOGIES (COMPSYSTECH'18),1
COMPUTER-AIDED DESIGN,1
Computers and Security,1
Computers in Human Behavior,1
Concepts and Methods in Modern Theoretical Chemistry: Electronic Structure and Reactivity,1
Concurrency and Computation: Practice and Experience,1
Conference on Lasers and Electro-Optics Europe - Technical Digest,1
Conference Proceedings from the International Symposium for Testing and Failure Analysis,1
Connections,1
"ConTEL 2019 - 15th International Conference on Telecommunications, Proceedings",1
CONTEMPORARY PHYSICS,1
COSMOS AND HISTORY-THE JOURNAL OF NATURAL AND SOCIAL PHILOSOPHY,1
CPEM Digest (Conference on Precision Electromagnetic Measurements),1
CROP JOURNAL,1
Cryogenic Receivers,1
Crystals,1
"CTISC 2022 - 2022 4th International Conference on Advances in Computer Technology, Information Science and Communications",1
CYSARM 2019 - Proceedings of the 1st ACM Workshop on Workshop on Cyber-Security Arms Race,1
Dalton Transactions,1
Development and Learning in Organizations,1
DIAGNOSTICS,1
Dianli Zidonghua Shebei/Electric Power Automation Equipment,1
Dianwang Jishu/Power System Technology,1
"DIGITALIZED ECONOMY, SOCIETY AND INFORMATION MANAGEMENT (IDIMT-2020)",1
Discrete Dynamics in Nature and Society,1
Dyes and Pigments,1
ECS JOURNAL OF SOLID STATE SCIENCE AND TECHNOLOGY,1
ECS Transactions,1
Egyptian Journal of Remote Sensing and Space Science,1
"ELEARNING VISION 2020!, VOL II",1
Electric Power Systems Research,1
Electromagnetic Biology and Medicine,1
"Electronic Proceedings in Theoretical Computer Science, EPTCS",1
ELECTRONICS,1
Electronics (Switzerland),1
EMERGING IMAGING AND SENSING TECHNOLOGIES FOR SECURITY AND DEFENCE V; AND ADVANCED MANUFACTURING TECHNOLOGIES FOR MICRO- AND NANOSYSTEMS IN SECURITY AND DEFENCE III,1
ENERGY & ENVIRONMENTAL SCIENCE,1
Energy and Fuels,1
Energy Conversion and Management: X,1
ENERGY REPORTS,1
"Energy, Environment, and Sustainability",1
Engineering Applications of Computational Fluid Mechanics,1
Entrepreneurship and Sustainability Issues,1
"Environment, Development and Sustainability",1
ENVIRONMENTAL MODELING & ASSESSMENT,1
ENVIRONMENTAL POLLUTION,1
Environmental Progress and Sustainable Energy,1
Environmental Research,1
ENVIRONMENTAL SCIENCE & TECHNOLOGY,1
Environmental Science and Technology Letters,1
EPiC Series in Computing,1
EPJ Web of Conferences,1
ESSCIRC 2019 - IEEE 45th European Solid State Circuits Conference,1
ETHICS AND INFORMATION TECHNOLOGY,1
"EUROCON 2021 - 19th IEEE International Conference on Smart Technologies, Proceedings",1
"European Conference on Optical Communication, ECOC",1
European Journal of Physics,1
Expert Opinion on Drug Discovery,1
Expert Systems with Applications,1
Fiber and Integrated Optics,1
FIFTH INTERNATIONAL CONFERENCE ON ADULT EDUCATION (CIEA 2018): EDUCATION FOR VALUES - CONTINUITY AND CONTEXT,1
Foods,1
"Forests, Business and Sustainability",1
FOUNDATIONS OF QUANTUM THEORY,1
Fractals,1
From Atomic to Mesoscale: The Role of Quantum Coherence in Systems of Various Complexities,1
Frontiers in Artificial Intelligence,1
Frontiers in Artificial Intelligence and Applications,1
Frontiers in Energy Research,1
FRONTIERS IN MOLECULAR BIOSCIENCES,1
Frontiers in Neurorobotics,1
Frontiers in Neuroscience,1
Frontiers in Optics and Photonics,1
FRONTIERS IN PLANT SCIENCE,1
Frontiers in Public Health,1
FTC 2016 - Proceedings of Future Technologies Conference,1
Fuel,1
FUEL PROCESSING TECHNOLOGY,1
FUTURE GENERATION COMPUTER SYSTEMS-THE INTERNATIONAL JOURNAL OF ESCIENCE,1
Future Trends of HPC in a Disruptive Scenario,1
GECCO 2022 Companion - Proceedings of the 2022 Genetic and Evolutionary Computation Conference,1
Glass Physics and Chemistry,1
Global Change Biology,1
Global Virology III: Virology in the 21st Century,1
GLOBALIZATION AND ITS SOCIO-ECONOMIC CONSEQUENCES,1
Granular Matter,1
Graphene Bioelectronics,1
Graphene Science Handbook: Electrical and Optical Properties,1
GREEN ENERGY & ENVIRONMENT,1
Guangzi Xuebao/Acta Photonica Sinica,1
"Handbook of Optoelectronic Device Modeling and Simulation: Fundamentals, Materials, Nanostructures, LEDs, and Amplifiers",1
Handbook of Space Security,1
High Performance Computing in Science and Engineering '16: Transactions of the High Performance Computing Center Stuttgart (HLRS) 2016,1
Hongwai Yu Haomibo Xuebao/Journal of Infrared and Millimeter Waves,1
HotNets 2020 - Proceedings of the 19th ACM Workshop on Hot Topics in Networks,1
Human-centric Computing and Information Sciences,1
IACR Transactions on Cryptographic Hardware and Embedded Systems,1
IACR Transactions on Symmetric Cryptology,1
IAES International Journal of Artificial Intelligence,1
ICEMI 2017 - Proceedings of IEEE 13th International Conference on Electronic Measurement and Instruments,1
"ICETA 2020 - 18th IEEE International Conference on Emerging eLearning Technologies and Applications, Proceedings",1
"ICIC Express Letters, Part B: Applications",1
ICSEC 2021 - 25th International Computer Science and Engineering Conference,1
"IDIMT 2020: Digitalized Economy, Society and Information Management - 28th Interdisciplinary Information Management Talks",1
"IEEE 14th Workshop on Low Temperature Electronics, WOLTE 2021 - Proceedings",1
IEEE AEROSPACE AND ELECTRONIC SYSTEMS MAGAZINE,1
IEEE Communications Standards Magazine,1
IEEE Electrical Insulation Magazine,1
IEEE Embedded Systems Letters,1
IEEE Geoscience and Remote Sensing Letters,1
IEEE INFOCOM 2017 - IEEE CONFERENCE ON COMPUTER COMMUNICATIONS,1
"IEEE International Conference on Cloud Computing, CLOUD",1
"IEEE International Conference on Emerging Technologies and Factory Automation, ETFA",1
"IEEE International Conference on IoT and its Applications, ICIOT 2017",1
"IEEE International Conference on Issues and Challenges in Intelligent Computing Techniques, ICICT 2019",1
IEEE International Symposium on Information Theory - Proceedings,1
"IEEE International Workshop on Electromagnetics: Applications and Student Innovation Competition, iWEM 2021 - Proceedings",1
IEEE JOURNAL OF BIOMEDICAL AND HEALTH INFORMATICS,1
IEEE Journal of Oceanic Engineering,1
IEEE Open Journal of Vehicular Technology,1
IEEE Sensors Journal,1
IEEE Solid-State Circuits Letters,1
IEEE Spectrum,1
IEEE SYSTEMS JOURNAL,1
IEEE Transactions on Aerospace and Electronic Systems,1
IEEE TRANSACTIONS ON BIOMEDICAL ENGINEERING,1
IEEE TRANSACTIONS ON CIRCUITS AND SYSTEMS I-REGULAR PAPERS,1
IEEE Transactions on Cognitive and Developmental Systems,1
IEEE Transactions on Computers,1
IEEE Transactions on Cybernetics,1
IEEE Transactions on Electron Devices,1
IEEE Transactions on Geoscience and Remote Sensing,1
IEEE Transactions on Industry Applications,1
IEEE Transactions on Information Forensics and Security,1
"IEEE Transactions on Molecular, Biological, and Multi-Scale Communications",1
IEEE Transactions on Vehicular Technology,1
IEEE/ACM Transactions on Networking,1
IEICE Electronics Express,1
"IEICE Transactions on Fundamentals of Electronics, Communications and Computer Sciences",1
"IEMTRONICS 2020 - International IOT, Electronics and Mechatronics Conference, Proceedings",1
IET CONTROL THEORY AND APPLICATIONS,1
IET Information Security,1
IET Nanobiotechnology,1
IET Networks,1
IET Seminar Digest,1
IET Wireless Sensor Systems,1
IETE Journal of Research,1
IFAC-PapersOnLine,1
"IMSCI 2018 - 12th International Multi-Conference on Society, Cybernetics and Informatics, Proceedings",1
Inclusive Radio Communications for 5G and Beyond,1
Indian Journal of Science and Technology,1
Indonesian Journal of Electrical Engineering and Computer Science,1
Industrial and Engineering Chemistry Research,1
"INES 2018 - IEEE 22nd International Conference on Intelligent Engineering Systems, Proceedings",1
INFORMATICA,1
Informatica (Netherlands),1
Information Sciences,1
Information Technology and Control,1
INFORMATION THEORETIC SECURITY (ICITS 2015),1
Integrated Quantum Hybrid Systems,1
Intelligence-Based Medicine: Artificial Intelligence and Human Cognition in Clinical Medicine and Healthcare,1
Intelligent Automation and Soft Computing,1
"International Conference on Cyber Conflict, CYCON",1
"International Conference on Electrical, Computer, Communications and Mechatronics Engineering, ICECCME 2021",1
"INTERNATIONAL CONFERENCE ON MACHINE LEARNING, VOL 139",1
"INTERNATIONAL CONFERENCE ON MACHINE LEARNING, VOL 70",1
"International Conference on Simulation of Semiconductor Processes and Devices, SISPAD",1
"International Conference on Ubiquitous and Future Networks, ICUFN",1
International Journal of Communication Networks and Distributed Systems,1
INTERNATIONAL JOURNAL OF COMMUNICATION SYSTEMS,1
International Journal of Computer Network and Information Security,1
INTERNATIONAL JOURNAL OF COMPUTER SCIENCE AND NETWORK SECURITY,1
International Journal of Computing,1
INTERNATIONAL JOURNAL OF CONTROL AUTOMATION AND SYSTEMS,1
International Journal of Engineering and Advanced Technology,1
International Journal of Engineering Trends and Technology,1
International Journal of High Performance Systems Architecture,1
International Journal of Information and Education Technology,1
International Journal of Information Security,1
INTERNATIONAL JOURNAL OF INNOVATIVE COMPUTING INFORMATION AND CONTROL,1
INTERNATIONAL JOURNAL OF INTELLIGENT COMPUTING AND CYBERNETICS,1
International Journal of Intelligent Systems and Applications in Engineering,1
INTERNATIONAL JOURNAL OF MATHEMATICS AND COMPUTER SCIENCE,1
International Journal of Modern Physics B,1
International Journal of Online Engineering,1
International Journal of Open Source Software and Processes,1
International Journal of Recent Technology and Engineering,1
International Journal of Sensor Networks,1
International Journal of Soft Computing,1
International Journal of Web Engineering and Technology,1
International Materials Reviews,1
International Transactions on Electrical Energy Systems,1
Journal of Ambient Intelligence and Humanized Computing,1
JOURNAL OF APPLIED POLYMER SCIENCE,1
Journal of Atmospheric and Oceanic Technology,1
Journal of Biomolecular Structure and Dynamics,1
Journal of Cellular Biochemistry,1
JOURNAL OF CLEANER PRODUCTION,1
Journal of Communications and Information Networks,1
Journal of Computational and Theoretical Nanoscience,1
Journal of Computational Information Systems,1
Journal of Computational Methods in Sciences and Engineering,1
Journal of Computer-Aided Molecular Design,1
Journal of Cryptographic Engineering,1
Journal of Cyber Security and Mobility,1
JOURNAL OF DISCRETE MATHEMATICAL SCIENCES & CRYPTOGRAPHY,1
Journal of Electrical Engineering,1
JOURNAL OF ENERGY STORAGE,1
Journal of Environmental and Engineering Geophysics,1
Journal of Function Spaces,1
Journal of Geodesy,1
Journal of Green Engineering,1
JOURNAL OF HYDROLOGIC ENGINEERING,1
JOURNAL OF HYDROLOGY,1
JOURNAL OF INFRARED AND MILLIMETER WAVES,1
Journal of Instrumentation,1
Journal of Internet Technology,1
Journal of King Saud University - Computer and Information Sciences,1
"Journal of Logistics, Informatics and Service Science",1
JOURNAL OF LOW POWER ELECTRONICS,1
JOURNAL OF LUMINESCENCE,1
Journal of Magnetic Resonance,1
Journal of Materials Chemistry B,1
Journal of Mathematical Physics,1
JOURNAL OF MATHEMATICAL PSYCHOLOGY,1
Journal of Medical Systems,1
Journal of Membrane Science,1
Journal of Molecular Structure,1
Journal of Nanoparticle Research,1
JOURNAL OF NAVIGATION,1
Journal of Optical Communications and Networking,1
Journal of Optics (India),1
JOURNAL OF OPTICS-INDIA,1
Journal of Physical and Chemical Reference Data,1
Journal of Physics A: Mathematical and Theoretical,1
Journal of Physics Condensed Matter,1
Journal of Physics D: Applied Physics,1
JOURNAL OF QUANTITATIVE SPECTROSCOPY & RADIATIVE TRANSFER,1
Journal of Quantitative Spectroscopy and Radiative Transfer,1
Journal of Research of the National Institute of Standards and Technology,1
Journal of Robotics,1
Journal of Semiconductors,1
JOURNAL OF SENSORS,1
Journal of Software: Evolution and Process,1
Journal of Solid State Chemistry,1
Journal of Synchrotron Radiation,1
Journal of Systems Architecture,1
Journal of Systems Engineering and Electronics,1
Journal of Systems Science and Systems Engineering,1
Journal of the Chinese Chemical Society,1
Journal of the Franklin Institute,1
Journal of the Physical Society of Japan,1
Journal of University of Science and Technology of China,1
Journal of Vacuum Science and Technology B: Nanotechnology and Microelectronics,1
Journal of Voice,1
Ka and Broadband Communications Conference,1
KSII Transactions on Internet and Information Systems,1
LASER & PHOTONICS REVIEWS,1
LASER COMMUNICATION AND PROPAGATION THROUGH THE ATMOSPHERE AND OCEANS IX,1
Laser Physics,1
Laws of Physical Time,1
Lecture Notes in Civil Engineering,1
Lecture Notes in Physics,1
Lecture Notes on Data Engineering and Communications Technologies,1
"Leibniz International Proceedings in Informatics, LIPIcs",1
Library and Information Services for Bioinformatics Education and Research,1
MACHINE LEARNING AND KNOWLEDGE EXTRACTION,1
Machine Learning: Science and Technology,1
MACROMOLECULAR MATERIALS AND ENGINEERING,1
MACROMOLECULAR RAPID COMMUNICATIONS,1
Magazine of Civil Engineering,1
MAGNETIC RESONANCE IN SOLIDS,1
MATERIALS & DESIGN,1
MATERIALS CHEMISTRY FRONTIERS,1
MATERIALS HORIZONS,1
Materials Letters,1
Materials Science Forum,1
MATERIALS TODAY,1
MATERIALS TODAY PHYSICS,1
Mathematical Biosciences and Engineering,1
"MATRICES, STATISTICS AND BIG DATA",1
Measurement Science and Technology,1
MEASUREMENT SCIENCE REVIEW,1
Measurement: Sensors,1
Methods and Applications in Fluorescence,1
Microelectronics Journal,1
Micromachines,1
Mining of Mineral Deposits,1
MM 2018 - Proceedings of the 2018 ACM Multimedia Conference,1
MODERN PHYSICS LETTERS A,1
Molecular and Laser Spectroscopy: Advances and Applications: Volume 2,1
Molecular Pharmaceutics,1
Molecular Physics,1
Molecular Simulation,1
Molecular Systems Design and Engineering,1
More than Moore Technologies for Next Generation Computer Design,1
MRS COMMUNICATIONS,1
MWP 2017 - 2017 International Topical Meeting on Microwave Photonics,1
"Nanoelectronics: Devices, Circuits and Systems",1
Nanomaterials and Energy,1
Nanomaterials: Science and Applications,1
Nanophotonics and Plasmonics: An Integrated View,1
NANOTECHNOLOGY,1
Nanotechnology Reviews,1
NATO Science for Peace and Security Series A: Chemistry and Biology,1
NATO Science for Peace and Security Series B: Physics and Biophysics,1
Nature Computational Science,1
Nature Nanotechnology,1
Nature-Inspired Computation,1
NEURAL COMPUTING & APPLICATIONS,1
NEURAL PROCESSING LETTERS,1
npj Computational Materials,1
npj Flexible Electronics,1
npj Quantum Materials,1
Odyssey of Light in Nonlinear Optical Fibers: Theory and Applications,1
Open Cybernetics and Systemics Journal,1
Open Geosciences,1
Optical Fiber Telecommunications VII,1
Optical Materials,1
Optical Materials Express,1
Optics and Laser Technology,1
OPTICS AND LASERS IN ENGINEERING,1
Optics and Spectroscopy,1
Optics in Our Time,1
Opto-Electronic Advances,1
Organic Electronics,1
"PDGC 2018 - 2018 5th International Conference on Parallel, Distributed and Grid Computing",1
Performance Evaluation,1
Performance Evaluation Review,1
Personal and Ubiquitous Computing,1
Photonic Network Communications,1
Photonics and electronics with germanium,1
Photonics and Nanostructures - Fundamentals and Applications,1
PhotoniX,1
PHYSICA SCRIPTA,1
Physical Review B - Condensed Matter and Materials Physics,1
Physics and Chemistry of Carbon-Based Materials: Basics and Applications,1
Physics Education,1
"Physics Letters, Section A: General, Atomic and Solid State Physics",1
Plant-derived Bioactives: Chemistry and Mode of Action,1
POWER ELECTRONICS AND RENEWABLE ENERGY SYSTEMS,1
Procedia Computer Science,1
Procedia Engineering,1
"Proceeding - 2021 26th IEEE Asia-Pacific Conference on Communications, APCC 2021",1
"Proceeding - IEEE International Conference on Computing, Communication and Automation, ICCCA 2017",1
"Proceeding of 4th International Conference on Smart Cities, Internet of Things and Applications, SCIoT 2020",1
"Proceedings - 2015 10th International Conference on Broadband and Wireless Computing, Communication and Applications, BWCCA 2015",1
"Proceedings - 2016 16th IEEE International Conference on Computer and Information Technology, CIT 2016, 2016 6th International Symposium on Cloud and Service Computing, IEEE SC2 2016 and 2016 International Symposium on Security and Privacy in Social Netwo",1
"Proceedings - 2016 IEEE 30th International Parallel and Distributed Processing Symposium, IPDPS 2016",1
"Proceedings - 2017 International Conference on Computing Intelligence and Information System, CIIS 2017",1
"Proceedings - 2018 IEEE 32nd International Parallel and Distributed Processing Symposium Workshops, IPDPSW 2018",1
"Proceedings - 2018 IEEE SmartWorld, Ubiquitous Intelligence and Computing, Advanced and Trusted Computing, Scalable Computing and Communications, Cloud and Big Data Computing, Internet of People and Smart City Innovations, SmartWorld/UIC/ATC/ScalCom/CBDCo",1
"Proceedings - 2020 19th International Symposium on Parallel and Distributed Computing, ISPDC 2020",1
"Proceedings - 2020 IEEE 11th International Conference on Dependable Systems, Services and Technologies, DESSERT 2020",1
"Proceedings - 2021 14th International Conference on Security of Information and Networks, SIN 2021",1
"Proceedings - 2021 4th International Conference on Computer and Informatics Engineering: IT-Based Digital Industrial Innovation for the Welfare of Society, IC2IE 2021",1
"Proceedings - 2021 IEEE 18th International Conference on Mobile Ad Hoc and Smart Systems, MASS 2021",1
"Proceedings - 2021 IEEE 18th International Conference on Software Architecture Companion, ICSA-C 2021",1
"Proceedings - 2021 IEEE International Conference on Blockchain, Blockchain 2021",1
"Proceedings - 2021 IEEE International Conference on Quantum Computing and Engineering, QCE 2021",1
"Proceedings - 2021 IEEE International Conference on Space-Air-Ground Computing, SAGC 2021",1
"Proceedings - 2021 International Conference on Frontiers of Information Technology, FIT 2021",1
"Proceedings - 2022 3rd International Conference on Electronic Communication and Artificial Intelligence, IWECAI 2022",1
"Proceedings - 2022 6th International Conference on Intelligent Computing and Control Systems, ICICCS 2022",1
"Proceedings - 2022 8th International Conference on Information Management, ICIM 2022",1
"Proceedings - 2022 IEEE International Conference on Smart Computing, SMARTCOMP 2022",1
"Proceedings - 32nd International Conference on VLSI Design, VLSID 2019 - Held concurrently with 18th International Conference on Embedded Systems, ES 2019",1
"Proceedings - 5th International Conference on Computing Methodologies and Communication, ICCMC 2021",1
"Proceedings - 6th International Conference on Computing Methodologies and Communication, ICCMC 2022",1
"Proceedings - Annual IEEE Symposium on Foundations of Computer Science, FOCS",1
"Proceedings - Asia-Pacific World Congress on Computer Science and Engineering 2016 and Asia-Pacific World Congress on Engineering 2016, APWC on CSE/APWCE 2016",1
"Proceedings - IEEE Congress on Cybermatics: 2021 IEEE International Conferences on Internet of Things, iThings 2021, IEEE Green Computing and Communications, GreenCom 2021, IEEE Cyber, Physical and Social Computing, CPSCom 2021 and IEEE Smart Data, SmartD",1
"Proceedings - IEEE International Conference on Quantum Computing and Engineering, QCE 2020",1
Proceedings - IEEE Symposium on Security and Privacy,1
"Proceedings - International Conference on Computer Communications and Networks, ICCCN",1
Proceedings - International Symposium on Computer Architecture,1
Proceedings - International Symposium on High-Performance Computer Architecture,1
"Proceedings -Design, Automation and Test in Europe, DATE",1
"Proceedings of 2016 4th IEEE International Conference on Cloud Computing and Intelligence Systems, CCIS 2016",1
PROCEEDINGS OF 2016 FUTURE TECHNOLOGIES CONFERENCE (FTC),1
PROCEEDINGS OF 2016 INTERNATIONAL CONFERENCE ON ADVANCED COMMUNICATION CONTROL AND COMPUTING TECHNOLOGIES (ICACCCT),1
"Proceedings of 2016 International Conference on Networking Systems and Security, NSysS 2016",1
"Proceedings of 2017 9th International Conference On Modelling, Identification and Control, ICMIC 2017",1
"PROCEEDINGS OF 2018 IEEE 3RD ADVANCED INFORMATION TECHNOLOGY, ELECTRONIC AND AUTOMATION CONTROL CONFERENCE (IAEAC 2018)",1
"Proceedings of 2018 IEEE 3rd Advanced Information Technology, Electronic and Automation Control Conference, IAEAC 2018",1
"Proceedings of 2019 International Conference on Meteorology Observations, ICMO 2019",1
"Proceedings of 2020 IEEE 3rd International Conference on Information Systems and Computer Aided Education, ICISCAE 2020",1
"Proceedings of 2020 IEEE International Conference on Advances in Electrical Engineering and Computer Applications, AEECA 2020",1
"Proceedings of 2021 2nd Information Technology to Enhance E-Learning and other Application Conference, IT-ELA 2021",1
"Proceedings of 2022 IEEE 5th International Electrical and Energy Conference, CIEEC 2022",1
"Proceedings of Frontiers in Optics 2015, FIO 2015",1
"Proceedings of PHOTONICS 2019: Photonics-Optics Technology Oriented Networking, Information, and Computing Systems - Held in conjunction with SC 2019: The International Conference for High Performance Computing, Networking, Storage and Analysis",1
"PROCEEDINGS OF THE 10TH INTERNATIONAL CONFERENCE ON PHOTONICS, OPTICS AND LASER TECHNOLOGY (PHOTOPTICS)",1
"Proceedings of the 11th IEEE International Conference on Intelligent Data Acquisition and Advanced Computing Systems: Technology and Applications, IDAACS 2021",1
PROCEEDINGS OF THE 12TH INTERNATIONAL CONFERENCE ON INTELLECTUAL CAPITAL KNOWLEDGE MANAGEMENT & ORGANISATIONAL LEARNING (ICICKM 2015),1
"Proceedings of the 13th International Conference on Electronics, Computers and Artificial Intelligence, ECAI 2021",1
"Proceedings of the 18th ACM International Conference on Computing Frontiers 2021, CF 2021",1
"Proceedings of the 2015 IEEE International Symposium on Defect and Fault Tolerance in VLSI and Nanotechnology Systems, DFTS 2015",1
PROCEEDINGS OF THE 2016 2ND INTERNATIONAL CONFERENCE ON ARTIFICIAL INTELLIGENCE AND INDUSTRIAL ENGINEERING (AIIE 2016),1
"PROCEEDINGS OF THE 2016 6TH INTERNATIONAL CONFERENCE ON MACHINERY, MATERIALS, ENVIRONMENT, BIOTECHNOLOGY AND COMPUTER (MMEBC)",1
"PROCEEDINGS OF THE 2017 DESIGN, AUTOMATION & TEST IN EUROPE CONFERENCE & EXHIBITION (DATE)",1
"Proceedings of the 2017 Design, Automation and Test in Europe, DATE 2017",1
"Proceedings of the 2018 Design, Automation and Test in Europe Conference and Exhibition,  DATE 2018",1
"PROCEEDINGS OF THE 2019 22ND CONFERENCE ON INNOVATION IN CLOUDS, INTERNET AND NETWORKS AND WORKSHOPS (ICIN)",1
"Proceedings of the 2019 22nd Conference on Innovation in Clouds, Internet and Networks and Workshops, ICIN 2019",1
PROCEEDINGS OF THE 2019 46TH INTERNATIONAL SYMPOSIUM ON COMPUTER ARCHITECTURE (ISCA '19),1
PROCEEDINGS OF THE 2019 6TH INTERNATIONAL CONFERENCE ON COMPUTING FOR SUSTAINABLE GLOBAL DEVELOPMENT (INDIACOM),1
"Proceedings of the 2019 6th International Conference on Computing for Sustainable Global Development, INDIACom 2019",1
PROCEEDINGS OF THE 2019 FOURTH IEEE INTERNATIONAL CONFERENCE ON REBOOTING COMPUTING (ICRC),1
"Proceedings of the 2020 27th International Conference on Telecommunications, ICT 2020",1
"Proceedings of the 2022 7th International Conference on Mobile and Secure Services, MobiSecServ 2022",1
PROCEEDINGS OF THE 20TH ANNUAL CONFERENCE ON INFORMATION TECHNOLOGY EDUCATION (SIGITE '19),1
PROCEEDINGS OF THE 38TH CHINESE CONTROL CONFERENCE (CCC),1
"Proceedings of the 3rd International Conference on Intelligent Communication Technologies and Virtual Mobile Networks, ICICV 2021",1
"Proceedings of the 3rd World Conference on Smart Trends in Systems, Security and Sustainability, WorldS4 2019",1
PROCEEDINGS OF THE 42ND INTERNATIONAL ACM SIGIR CONFERENCE ON RESEARCH AND DEVELOPMENT IN INFORMATION RETRIEVAL (SIGIR '19),1
PROCEEDINGS OF THE 48TH ANNUAL PRECISE TIME AND TIME INTERVAL SYSTEMS AND APPLICATIONS MEETING,1
"Proceedings of the 4th IEEE International Conference on Rebooting Computing, ICRC 2019",1
"PROCEEDINGS OF THE 7TH INTERNATIONAL CONFERENCE ON EDUCATION, MANAGEMENT, INFORMATION AND COMPUTER SCIENCE (ICEMC 2017)",1
"PROCEEDINGS OF THE 7TH INTERNATIONAL CONFERENCE ON EDUCATION, MANAGEMENT, INFORMATION AND MECHANICAL ENGINEERING (EMIM 2017)",1
"Proceedings of the 9th ACM International Conference on Nanoscale Computing and Communication, NANOCOM 2022",1
Proceedings of the ACM Conference on Computer and Communications Security,1
"Proceedings of the ACM Great Lakes Symposium on VLSI, GLSVLSI",1
Proceedings of the ACM SIGPLAN Conference on Programming Language Design and Implementation (PLDI),1
"Proceedings of the Annual Precise Time and Time Interval Systems and Applications Meeting, PTTI",1
"Proceedings of the European Conference on Synthetic Aperture Radar, EUSAR",1
"Proceedings of the IEEE/IFIP Network Operations and Management Symposium 2022: Network and Service Management in the Era of Cloudification, Softwarization and Artificial Intelligence, NOMS 2022",1
"Proceedings of the International Conference on Advanced Optoelectronics and Lasers, CAOL",1
PROCEEDINGS OF THE INTERNATIONAL CONFERENCE ON BUSINESS EXCELLENCE,1
"Proceedings of the International Conference on Electronics and Renewable Systems, ICEARS 2022",1
"Proceedings of the International Conference on Intellectual Capital, Knowledge Management and Organisational Learning, ICICKM",1
"Proceedings of the International Conference on Smart Technologies in Computing, Electrical and Electronics, ICSTCEE 2020",1
Proceedings of the International Symposium on Low Power Electronics and Design,1
"Proceedings of the International Symposium on Symbolic and Algebraic Computation, ISSAC",1
Proceedings of the International Symposium on Wireless Communication Systems,1
PROGRESS IN CHEMISTRY,1
Quantum Reports,1
QUANTUM TECHNOLOGIES AND QUANTUM INFORMATION SCIENCE V,1
QUANTUM TECHNOLOGY INTERNATIONAL CONFERENCE 2018 (QTECH 2018),1
Quarterly of Applied Mathematics,1
RADIO SCIENCE,1
Reaction Chemistry and Engineering,1
Recent Patents on Biotechnology,1
Reliability Engineering and System Safety,1
Remote Sensing of Environment,1
Rendiconti Lincei,1
RENEWABLE & SUSTAINABLE ENERGY REVIEWS,1
Research,1
RSC Theoretical and Computational Chemistry Series,1
RUSSIAN JOURNAL OF PHYSICAL CHEMISTRY A,1
Russian Microelectronics,1
Satellite Communications in the 5G Era,1
"SC '16: PROCEEDINGS OF THE INTERNATIONAL CONFERENCE FOR HIGH PERFORMANCE COMPUTING, NETWORKING, STORAGE AND ANALYSIS",1
Science China Materials,1
Science of the Total Environment,1
Search and Optimization by Metaheuristics: Techniques and Algorithms Inspired by Nature,1
SECURITY AND PRIVACY,1
SENSOR REVIEW,1
Sensors (Switzerland),1
"Sensors and Actuators, B: Chemical",1
Shock and Vibration,1
SIAM Journal on Computing,1
SIAM Journal on Matrix Analysis and Applications,1
SIGCOMM 2019 - Proceedings of the 2019 Conference of the ACM Special Interest Group on Data Communication,1
Silicon,1
"Silicon Nanomaterials Sourcebook: Low-Dimensional Structures, Quantum Dots, and Nanowires, Volume One",1
"Silicon Nanomaterials Sourcebook: Volume II: Hybrid Materials, Arrays, Networks, and Devices",1
SILICON PHOTONICS X,1
SIXTH SYMPOSIUM ON NOVEL OPTOELECTRONIC DETECTION TECHNOLOGY AND APPLICATIONS,1
Small,1
"Smart Innovation, Systems and Technologies",1
"Smart Sensors, Measurement and Instrumentation",1
"Social Media and Crisis Communication, Second Edition",1
"Society of Petroleum Engineers - SPE Symposium: Petrophysics XXI. Core, Well Logging, and Well Testing",1
Soft Matter,1
SOICT 2019: PROCEEDINGS OF THE TENTH INTERNATIONAL SYMPOSIUM ON INFORMATION AND COMMUNICATION TECHNOLOGY,1
Solid State Phenomena,1
Solid-State Lasers and Applications,1
SPAWC 2021: 2021 IEEE 22ND INTERNATIONAL WORKSHOP ON SIGNAL PROCESSING ADVANCES IN WIRELESS COMMUNICATIONS (IEEE SPAWC 2021),1
Springer Proceedings in Complexity,1
Springer Series in Optical Sciences,1
Springer Series in Solid-State Sciences,1
Springer Series in Surface Sciences,1
Studies in Computational Intelligence,1
"Summer Topicals Meeting Series, SUM 2017",1
Superconductor Science and Technology,1
Sustainability (Switzerland),1
Sustainable Energy Technologies and Assessments,1
SWARM AND EVOLUTIONARY COMPUTATION,1
SYMMETRY-BASEL,1
System Assurances: Modeling and Management,1
TECHNOLOGICAL FORECASTING AND SOCIAL CHANGE,1
Technology Analysis and Strategic Management,1
Telecommunications Policy,1
Terahertz Biomedical and Healthcare Technologies: Materials to Devices,1
Terahertz Dielectric Resonator Antennas for High Speed Communication and Sensing: From theory to design and implementation,1
The First Outstanding 50 Years of “Università Politecnica delle Marche”: Research Achievements in Physical Sciences and Engineering,1
The Journal of chemical physics,1
The Signal: the History of Signal Processing and How we Communicate,1
THIRTY-THIRD AAAI CONFERENCE ON ARTIFICIAL INTELLIGENCE / THIRTY-FIRST INNOVATIVE APPLICATIONS OF ARTIFICIAL INTELLIGENCE CONFERENCE / NINTH AAAI SYMPOSIUM ON EDUCATIONAL ADVANCES IN ARTIFICIAL INTELLIGENCE,1
Topics in Applied Physics,1
Transitions from Digital Communications to Quantum Communications: Concepts and Prospects,1
Tree Physiology,1
Types of Photodetectors and their Applications,1
Ultra-high-q Optical Microcavities,1
Unit and Ubiquitous Internet of Things,1
Vacuum Nanoelectronic Devices: Novel Electron Sources and Applications,1
Vehicular Communications,1
Water and Energy International,1
WATER RESOURCES RESEARCH,1
"Web-Based Services: Concepts, Methodologies, Tools, and Applications",1
Wireless Networks(United Kingdom),1
WiSec 2022 - Proceedings of the 15th ACM Conference on Security and Privacy in Wireless and Mobile Networks,1
World Futures,1
World Wide Web,1
Wuhan University Journal of Natural Sciences,1
